id,target
test_00000,0
test_00001,0
test_00002,0
test_00003,0
test_00004,0
test_00005,0
test_00006,0
test_00007,0
test_00008,0
test_00009,0
test_00010,0
test_00011,0
test_00012,0
test_00013,0
test_00014,0
test_00015,0
test_00016,1
test_00017,0
test_00018,0
test_00019,0
test_00020,0
test_00021,0
test_00022,0
test_00023,0
test_00024,0
test_00025,0
test_00026,0
test_00027,1
test_00028,0
test_00029,1
test_00030,0
test_00031,1
test_00032,0
test_00033,1
test_00034,0
test_00035,0
test_00036,0
test_00037,0
test_00038,0
test_00039,0
test_00040,0
test_00041,0
test_00042,0
test_00043,0
test_00044,0
test_00045,0
test_00046,0
test_00047,0
test_00048,0
test_00049,0
test_00050,0
test_00051,0
test_00052,0
test_00053,1
test_00054,0
test_00055,0
test_00056,0
test_00057,0
test_00058,0
test_00059,0
test_00060,1
test_00061,0
test_00062,0
test_00063,1
test_00064,0
test_00065,0
test_00066,0
test_00067,0
test_00068,1
test_00069,0
test_00070,0
test_00071,0
test_00072,0
test_00073,0
test_00074,0
test_00075,0
test_00076,0
test_00077,0
test_00078,1
test_00079,0
test_00080,1
test_00081,0
test_00082,0
test_00083,0
test_00084,0
test_00085,0
test_00086,0
test_00087,0
test_00088,0
test_00089,0
test_00090,0
test_00091,0
test_00092,0
test_00093,0
test_00094,0
test_00095,0
test_00096,0
test_00097,0
test_00098,0
test_00099,1
test_00100,0
test_00101,0
test_00102,0
test_00103,0
test_00104,0
test_00105,0
test_00106,0
test_00107,0
test_00108,0
test_00109,1
test_00110,1
test_00111,0
test_00112,0
test_00113,0
test_00114,0
test_00115,0
test_00116,1
test_00117,0
test_00118,0
test_00119,0
test_00120,0
test_00121,0
test_00122,0
test_00123,0
test_00124,0
test_00125,0
test_00126,0
test_00127,0
test_00128,0
test_00129,0
test_00130,0
test_00131,0
test_00132,0
test_00133,0
test_00134,0
test_00135,1
test_00136,0
test_00137,0
test_00138,0
test_00139,0
test_00140,0
test_00141,0
test_00142,0
test_00143,0
test_00144,0
test_00145,0
test_00146,0
test_00147,0
test_00148,0
test_00149,0
test_00150,0
test_00151,0
test_00152,0
test_00153,0
test_00154,1
test_00155,0
test_00156,0
test_00157,0
test_00158,1
test_00159,0
test_00160,0
test_00161,0
test_00162,0
test_00163,0
test_00164,0
test_00165,0
test_00166,0
test_00167,0
test_00168,0
test_00169,0
test_00170,0
test_00171,0
test_00172,0
test_00173,0
test_00174,0
test_00175,1
test_00176,0
test_00177,0
test_00178,0
test_00179,0
test_00180,1
test_00181,0
test_00182,0
test_00183,0
test_00184,0
test_00185,0
test_00186,0
test_00187,0
test_00188,0
test_00189,0
test_00190,0
test_00191,0
test_00192,0
test_00193,0
test_00194,0
test_00195,1
test_00196,0
test_00197,0
test_00198,0
test_00199,0
test_00200,0
test_00201,0
test_00202,1
test_00203,0
test_00204,0
test_00205,0
test_00206,0
test_00207,0
test_00208,0
test_00209,1
test_00210,0
test_00211,0
test_00212,0
test_00213,0
test_00214,0
test_00215,1
test_00216,0
test_00217,0
test_00218,0
test_00219,1
test_00220,0
test_00221,0
test_00222,0
test_00223,0
test_00224,0
test_00225,0
test_00226,0
test_00227,0
test_00228,0
test_00229,0
test_00230,0
test_00231,0
test_00232,0
test_00233,1
test_00234,0
test_00235,0
test_00236,0
test_00237,0
test_00238,0
test_00239,0
test_00240,0
test_00241,0
test_00242,0
test_00243,0
test_00244,0
test_00245,0
test_00246,0
test_00247,1
test_00248,1
test_00249,0
test_00250,0
test_00251,0
test_00252,1
test_00253,0
test_00254,0
test_00255,0
test_00256,0
test_00257,0
test_00258,0
test_00259,0
test_00260,0
test_00261,0
test_00262,0
test_00263,0
test_00264,0
test_00265,0
test_00266,0
test_00267,0
test_00268,0
test_00269,0
test_00270,0
test_00271,0
test_00272,0
test_00273,0
test_00274,0
test_00275,0
test_00276,0
test_00277,0
test_00278,0
test_00279,0
test_00280,0
test_00281,0
test_00282,0
test_00283,0
test_00284,0
test_00285,0
test_00286,1
test_00287,0
test_00288,0
test_00289,0
test_00290,0
test_00291,1
test_00292,0
test_00293,0
test_00294,0
test_00295,0
test_00296,1
test_00297,0
test_00298,0
test_00299,0
test_00300,0
test_00301,0
test_00302,0
test_00303,0
test_00304,1
test_00305,0
test_00306,1
test_00307,0
test_00308,1
test_00309,0
test_00310,0
test_00311,1
test_00312,1
test_00313,0
test_00314,0
test_00315,0
test_00316,0
test_00317,0
test_00318,0
test_00319,0
test_00320,0
test_00321,0
test_00322,0
test_00323,0
test_00324,0
test_00325,0
test_00326,0
test_00327,1
test_00328,0
test_00329,0
test_00330,0
test_00331,0
test_00332,1
test_00333,0
test_00334,0
test_00335,0
test_00336,1
test_00337,0
test_00338,1
test_00339,0
test_00340,0
test_00341,0
test_00342,0
test_00343,0
test_00344,0
test_00345,1
test_00346,1
test_00347,0
test_00348,0
test_00349,0
test_00350,0
test_00351,0
test_00352,0
test_00353,0
test_00354,0
test_00355,0
test_00356,0
test_00357,0
test_00358,0
test_00359,0
test_00360,0
test_00361,0
test_00362,0
test_00363,0
test_00364,0
test_00365,0
test_00366,0
test_00367,0
test_00368,0
test_00369,0
test_00370,0
test_00371,0
test_00372,0
test_00373,0
test_00374,0
test_00375,0
test_00376,0
test_00377,0
test_00378,0
test_00379,0
test_00380,0
test_00381,0
test_00382,0
test_00383,0
test_00384,0
test_00385,1
test_00386,0
test_00387,0
test_00388,0
test_00389,0
test_00390,1
test_00391,0
test_00392,0
test_00393,0
test_00394,1
test_00395,0
test_00396,0
test_00397,0
test_00398,0
test_00399,0
test_00400,0
test_00401,0
test_00402,0
test_00403,0
test_00404,0
test_00405,1
test_00406,0
test_00407,0
test_00408,0
test_00409,1
test_00410,0
test_00411,1
test_00412,0
test_00413,0
test_00414,1
test_00415,0
test_00416,0
test_00417,0
test_00418,0
test_00419,1
test_00420,0
test_00421,0
test_00422,0
test_00423,0
test_00424,0
test_00425,0
test_00426,0
test_00427,0
test_00428,0
test_00429,0
test_00430,0
test_00431,0
test_00432,1
test_00433,1
test_00434,0
test_00435,0
test_00436,0
test_00437,0
test_00438,0
test_00439,0
test_00440,0
test_00441,0
test_00442,0
test_00443,0
test_00444,0
test_00445,0
test_00446,0
test_00447,1
test_00448,0
test_00449,0
test_00450,0
test_00451,0
test_00452,0
test_00453,0
test_00454,0
test_00455,0
test_00456,1
test_00457,0
test_00458,0
test_00459,0
test_00460,0
test_00461,0
test_00462,0
test_00463,0
test_00464,0
test_00465,0
test_00466,0
test_00467,0
test_00468,0
test_00469,0
test_00470,0
test_00471,0
test_00472,0
test_00473,0
test_00474,0
test_00475,0
test_00476,0
test_00477,0
test_00478,0
test_00479,0
test_00480,0
test_00481,0
test_00482,0
test_00483,0
test_00484,1
test_00485,0
test_00486,1
test_00487,0
test_00488,0
test_00489,0
test_00490,0
test_00491,0
test_00492,0
test_00493,0
test_00494,0
test_00495,0
test_00496,0
test_00497,0
test_00498,0
test_00499,0
test_00500,0
test_00501,0
test_00502,0
test_00503,0
test_00504,0
test_00505,0
test_00506,0
test_00507,0
test_00508,1
test_00509,0
test_00510,0
test_00511,0
test_00512,0
test_00513,0
test_00514,0
test_00515,0
test_00516,1
test_00517,1
test_00518,0
test_00519,0
test_00520,0
test_00521,0
test_00522,1
test_00523,1
test_00524,0
test_00525,0
test_00526,1
test_00527,0
test_00528,0
test_00529,0
test_00530,0
test_00531,0
test_00532,0
test_00533,0
test_00534,0
test_00535,0
test_00536,0
test_00537,0
test_00538,0
test_00539,0
test_00540,0
test_00541,0
test_00542,0
test_00543,0
test_00544,1
test_00545,0
test_00546,1
test_00547,0
test_00548,0
test_00549,0
test_00550,0
test_00551,0
test_00552,0
test_00553,1
test_00554,0
test_00555,0
test_00556,0
test_00557,0
test_00558,0
test_00559,0
test_00560,0
test_00561,0
test_00562,1
test_00563,0
test_00564,0
test_00565,1
test_00566,1
test_00567,0
test_00568,0
test_00569,0
test_00570,0
test_00571,0
test_00572,0
test_00573,1
test_00574,1
test_00575,0
test_00576,0
test_00577,0
test_00578,0
test_00579,0
test_00580,0
test_00581,0
test_00582,0
test_00583,0
test_00584,0
test_00585,0
test_00586,0
test_00587,0
test_00588,0
test_00589,0
test_00590,1
test_00591,0
test_00592,0
test_00593,0
test_00594,0
test_00595,0
test_00596,0
test_00597,0
test_00598,0
test_00599,1
test_00600,0
test_00601,0
test_00602,1
test_00603,0
test_00604,0
test_00605,0
test_00606,1
test_00607,0
test_00608,0
test_00609,0
test_00610,0
test_00611,1
test_00612,0
test_00613,0
test_00614,0
test_00615,0
test_00616,1
test_00617,0
test_00618,1
test_00619,0
test_00620,0
test_00621,0
test_00622,0
test_00623,0
test_00624,0
test_00625,0
test_00626,0
test_00627,0
test_00628,0
test_00629,0
test_00630,1
test_00631,0
test_00632,1
test_00633,0
test_00634,0
test_00635,0
test_00636,0
test_00637,0
test_00638,0
test_00639,0
test_00640,0
test_00641,0
test_00642,0
test_00643,0
test_00644,1
test_00645,0
test_00646,0
test_00647,1
test_00648,1
test_00649,0
test_00650,0
test_00651,0
test_00652,0
test_00653,0
test_00654,0
test_00655,0
test_00656,0
test_00657,0
test_00658,0
test_00659,0
test_00660,0
test_00661,0
test_00662,0
test_00663,0
test_00664,0
test_00665,0
test_00666,0
test_00667,0
test_00668,0
test_00669,0
test_00670,0
test_00671,0
